Screen ID,Name,Destination Count,Destinations
TPS-103,,8,"Bowdoin, Wonderland, Forest Hills, Oak Grove, Riverside, Union Square, Heath Street, Medford/Tufts"
TPS-129,N/A,10,"Beth Israel (Limited Stops), Andrew (Limited Stops), Kenmore via South Bay Center, Kenmore, Central Square, Assembly, Harbor Point via South Bay Center, Fields Corner, Broadway, Ruggles"
TPS-106,,3,"South Station, Maverick, Woodlawn"
bpl-egleston-V2,BPL Egleston Square,8,"Forest Hills, Oak Grove, Ruggles, Jackson Square via Franklin Field, Jackson Square, Ashmont, Mattapan via Franklin Field, Mattapan"
CR-test,CR Test,22,"Braintree, Ashmont, Alewife, Logan Airport, South Station, Design Center, Chelsea, Silver Line Way, Readville, Fall River, New Bedford, Worcester, Forge Park/495, Foxboro, Greenbush, Kingston, Needham Heights, Wickford Junction, Stoughton, Hyannis, Forest Hills, Oak Grove"
PRE-186,PRE-186 Haymarket Green Line Entrance,6,"Oak Grove, Union Square, Medford/Tufts, Forest Hills, Riverside, Heath Street"
MUL-114-V2,MUL-114 Haymarket-Congress St,15,"North Station, Sullivan, Sullivan via Navy Yard, Central Square via Cliftondale, Haymarket via Cliftondale, Oaklandvale via Cliftondale (Express), Haymarket via Cliftondale (Express), Salem Depot, Haymarket, Forest Hills, Oak Grove, Riverside, Union Square, Heath Street, Medford/Tufts"
BUS-109,BUS-109 Hynes - Mass Ave @ Newbury St,6,"Nubian, Government Center, Union Square, Boston College, Cleveland Circle, Riverside"
MUL-127,MUL-127 Forest Hills Lower Busway Right,3,"Ashmont, Mattapan, Andrew via South Bay Center"
bpl-chinatown-V2,BPL Chinatown,11,"South Station, Chauncy & Summer, Forest Hills, Oak Grove, Boston College, Government Center, Cleveland Circle, Riverside, Union Square, Heath Street, Medford/Tufts"
Audio-Wellington,MUL-137/138 Wellington Busway Audio,11,"Forest Hills, Oak Grove, Malden, Wellington, Woodland Rd, Elm St, Lebanon Loop, Linden Square, Wonderland, Wellington via Admiral's Hill & Market Basket, Wood Island via Market Basket & Admiral's Hill"
MUL-124,MUL-124 Ashmont Busway Left,14,"Mattapan, Ashmont, Alewife, Andrew, Forest Hills, Ruggles, Wakefield Ave, Ashmont via Washington St, Gallivan Blvd via Norfolk St, Quincy Center, Quincy Center via North Quincy, Ashmont via North Quincy, Avon Square, Holbrook/Randolph via Crawford Square"
PRE-182,PRE-182 South Station Summer St Headhouse,20,"Alewife, South Station, Braintree, Ashmont, Logan Airport, Design Center, Chelsea, Silver Line Way, Readville, Fall River, New Bedford, Worcester, Forge Park/495, Foxboro, Greenbush, Kingston, Needham Heights, Wickford Junction, Stoughton, Hyannis"
MUL-138,MUL-138 Wellington Exterior Busway Right,2,"Linden Square, Wood Island via Market Basket & Admiral's Hill"
PRE-172,PRE-172 Shawmut Single,2,"Alewife, Ashmont"
MUL-147,MUL-147 North Station Haverhill St Stairs,12,"Oak Grove, Union Square, Medford/Tufts, North Station, Forest Hills, Riverside, Heath Street, Wachusett, Haverhill, Lowell, Newburyport, Rockport"
TPS-CTA,CTA Demo Screen,21,"Boston College, Cleveland Circle, Riverside, Braintree, Ashmont, Logan Airport, Design Center, Chelsea, Silver Line Way, Readville, Fall River, New Bedford, Worcester, Forge Park/495, Foxboro, Greenbush, Kingston, Needham Heights, Wickford Junction, Stoughton, Hyannis"
TPS-113,,5,"Cleveland Circle, Government Center, Harvard via Allston, Kenmore, Watertown Yard"
bpl-copley-V2,BPL Copley,16,"Boston College, Government Center, Cleveland Circle, Riverside, Union Square, Heath Street, Medford/Tufts, City Point, Copley, Back Bay, Arlington, City Point via South Bay Center, Forest Hills, West Fenway, Brighton via Copley (Express), Watertown via Copley and Newton Corner (Express)"
MUL-125,MUL-125 Ashmont Busway Right,14,"Ashmont, Alewife, Mattapan, Andrew, Forest Hills, Ruggles, Wakefield Ave, Ashmont via Washington St, Gallivan Blvd via Norfolk St, Quincy Center, Quincy Center via North Quincy, Ashmont via North Quincy, Avon Square, Holbrook/Randolph via Crawford Square"
PRE-154,PRE-154 Boylston Northbound Headhouse,245,"Government Center, Union Square, Medford/Tufts, Braintree, Ashmont, Alewife, Mattapan, Forest Hills, Oak Grove, Boston College, Cleveland Circle, Riverside, Heath Street, Bowdoin, Wonderland, Logan Airport, South Station, Design Center, Chelsea, Nubian, Downtown, Silver Line Way, Readville, Fall River, New Bedford, Wachusett, North Station, Worcester, Forge Park/495, Foxboro, Winthrop Loop, Quincy Loop, Greenbush, Haverhill, Kingston, Lowell, Needham Heights, Newburyport, Rockport, Wickford Junction, Stoughton, Providence, Hyannis, Charlestown Navy Yard, Long Wharf, Hingham, Rowes Wharf, Hingham via Logan Airport & Hull, Hingham via Hull, Long Wharf via Hull & Logan Airport, Long Wharf via Hull & Georges Island, Lewis Mall Wharf, Blossom Street Pier, Winthrop/Quincy Loop, Harbor Loop, Avenue Louis Pasteur (Limited Stops), Beth Israel (Limited Stops), Andrew (Limited Stops), Harvard, North Station via South Station, Design Center via South Station, Otis & Summer, Harbor Point via South Bay Center, Kenmore via South Bay Center, City Point, Copley, City Point via South Bay Center, Arlington via South Bay Center, Chauncy & Summer, Roslindale Square, Heath St, Fields Corner, Ruggles, Forest Hills via South Bay Center, Andrew via South Bay Center, Andrew, Kenmore, Wakefield Ave, Ashmont via Washington St, Gallivan Blvd via Norfolk St, Mattapan via Franklin Field, Jackson Square via Franklin Field, Wolcott Square, River St & Milton St, Dedham Mall, Walpole Center via Washington St, VA Hospital, Baker & Vermont St, Wren St, Back Bay, Georgetowne, Centre St & Eliot St, JFK/UMass, Park St & Tremont St, Jackson Square, Franklin Park, Central Square, Broadway, Cleary Square, Reservoir, Watertown Yard, West Fenway, Arlington, Needham Junction via Needham St, Watertown Square via Needham St, Chestnut Hill Mall, North Waltham, Waltham Center, Bedford VA, Oak Square, Kendall/MIT, Brighton Center, Harvard via Allston, Nubian via Allston, Turkey Hill via Arlington Center, Alewife via Arlington Center, Lechmere, Market Place Dr, University Park, Watertown Square, Waverley, Belmont Center, Lincoln Lab via Hanscom Airport, Lincoln Lab, Alewife via Hanscom Airport, Arlington Heights, Arlmont Village, Arlington Center, Rindge Ave, Assembly, Clarendon Hill, Davis, Sullivan, Haymarket via Sullivan, Sullivan via Navy Yard, Medford Square, West Medford, Malden, Wellington, Woodland Rd, Elm St, Airport, Lebanon Loop, Linden Square, Linden Square via Sullivan, Harvard via Sullivan, Woodlawn, Haymarket, Wellington via Admiral's Hill & Market Basket, Wood Island via Market Basket & Admiral's Hill, Mystic Mall, Maverick, Northgate, Beachmont, Beachmont via Tomasello Way, Orient Heights via Waldemar, Maverick via Jeffries Point, Eagle Square, Wood Island, Melrose Highlands via Oak Grove, Malden via Oak Grove, Redstone, Reading Depot, Logan Airport via Andrew, Fields Corner via Adams St, Keystone Apts via Adams St, Fields Corner via Neponset Ave, Quincy Center, Squantum, Houghs Neck via Germantown, Quincy Center via North Quincy, Ashmont via North Quincy, Hingham Depot via Shipyard, Quincy Center via Shipyard, Washington St & Pleasant St Weymouth, East Weymouth, Weymouth Landing via Quincy Ave, Weymouth Landing via Southern Artery, Quincy Center via Southern Artery, Quincy Center via Quincy Ave, Columbian Square, Montello, South Shore Plaza, Holbrook/Randolph, Avon Square, Holbrook/Randolph via Crawford Square, North Burlington via Mall Rd, Alewife via Mall Rd, Bedford Woods Dr via EMD Serono, Bedford Woods Dr, Third Ave, Third Ave via EMD Serono, Burlington (Express) via Woburn, Burlington via Medford Square, West Cummings & Woburn (Express), Boston (Express) via Woburn, Kennedy Dr, Jack Satter House, Eastern & Essex via Western Ave, Central Square via Cliftondale, Haymarket via Cliftondale, Oaklandvale via Cliftondale (Express), Haymarket via Cliftondale (Express), Northgate Shopping Center via Square One Mall, Central Square via Square One Mall, Saugus Center via Square One Mall, Malden via Square One Mall, Salem Depot, Neptune Towers, Liberty Tree via North Shore Mall & Lynnfield St, Central Square via Malls & Lynnfield St, Nahant, Nahant via Central Square, Wonderland via Central Square, Marblehead via Central Square & Paradise Rd, Wonderland via Paradise Rd & Central Square, Ocean St via Central Square, Marblehead via Central Square & Humphrey St, Wonderland via Central Square & Humphrey St, North Beverly via Tozer Rd, North Beverly via Cabot St, Salem Depot via Cabot St, Salem Depot via Tozer Rd & Cummings, Salem Depot via Central Square, Brighton via Copley (Express), Downtown via Copley (Express), Downtown via Cambridge St and Copley (Express), Watertown via Copley and Newton Corner (Express), Waltham (Express), Downtown (Express), Roberts, Newton Corner, Waltham Highlands, Sullivan (Shuttle), Navy Yard (Shuttle), JFK/UMass (Shuttle), Castle Island (Shuttle), Point Shirley, Winthrop Beach, Orient Heights, Hull Ferry, Hingham Depot, Canton Village Shoppes, Forge Park/495 (Shuttle), Canton Junction (Shuttle), Stoughton (Shuttle)"
MUL-151,MUL-151 Park Street Winter St Concourse,10,"Alewife, Government Center, Union Square, Medford/Tufts, Braintree, Ashmont, Boston College, Cleveland Circle, Riverside, Heath Street"
MUL-136,MUL-136 Wellington Interior Busway,7,"Malden, Woodland Rd, Elm St, Lebanon Loop, Wonderland, Linden Square, Wood Island via Market Basket & Admiral's Hill"
OSS-111-V2,,13,"Boston College, Government Center, Cleveland Circle, Riverside, Union Square, Worcester, South Station, Kenmore via South Bay Center, Kenmore, Harbor Point via South Bay Center, Fields Corner, Chestnut Hill Mall, Brighton Center"
MUL-134,MUL-134 Orient Heights Bennington St Busway,4,"Point Shirley, Winthrop Beach, Bowdoin, Orient Heights via Waldemar"
PRE-109,PRE-109 Forest Hills - Main Headhouse Lobby - North,19,"Oak Grove, South Station, Andrew via South Bay Center, Forest Hills, Back Bay, Nubian, Needham Heights, Forest Hills via South Bay Center, Ashmont, Mattapan, Wolcott Square, Dedham Mall, Walpole Center via Washington St, VA Hospital, Baker & Vermont St, Wren St, Georgetowne, Cleary Square, Reservoir"
bpl-east-boston-V2,BPL East Boston,7,"Bowdoin, Wonderland, Chelsea, South Station, Logan Airport via Andrew, Maverick via Jeffries Point, Orient Heights via Waldemar"
TPS-115,,10,"Newburyport, Rockport, North Station, Salem Depot, Neptune Towers, Haymarket, Salem Depot via Central Square, Wonderland via Central Square, North Beverly via Tozer Rd, North Beverly via Cabot St"
TPS-104,,5,"Arlington Center, Lechmere, Ruggles, Central Square, Harvard via Sullivan"
Audio-ForestHills,MUL-128/129 Forest Hills Upper Busway Audio,11,"Mattapan, Forest Hills, Dedham Mall, Walpole Center via Washington St, VA Hospital, Baker & Vermont St, Wren St, Back Bay, Georgetowne, Cleary Square, Reservoir"
MUL-102-V2,MUL-102 Central,6,"Braintree, Ashmont, Alewife, Harvard, Nubian, University Park"
PRE-200,PRE-200 North Station Main Lobby Elevator,12,"Oak Grove, Union Square, Medford/Tufts, North Station, Forest Hills, Riverside, Heath Street, Wachusett, Haverhill, Lowell, Newburyport, Rockport"
MUL-131,MUL-131 Sullivan Square Lower Busway,7,"Haymarket via Sullivan, Downtown, Arlington Center, West Medford, Malden, Assembly, Davis"
PRE-159,PRE-159 Copley Westbound,245,"Boston College, Cleveland Circle, Riverside, Heath Street, Braintree, Ashmont, Alewife, Mattapan, Forest Hills, Oak Grove, Government Center, Union Square, Medford/Tufts, Bowdoin, Wonderland, Logan Airport, South Station, Design Center, Chelsea, Nubian, Downtown, Silver Line Way, Readville, Fall River, New Bedford, Wachusett, North Station, Worcester, Forge Park/495, Foxboro, Winthrop Loop, Quincy Loop, Greenbush, Haverhill, Kingston, Lowell, Needham Heights, Newburyport, Rockport, Wickford Junction, Stoughton, Providence, Hyannis, Charlestown Navy Yard, Long Wharf, Hingham, Rowes Wharf, Hingham via Logan Airport & Hull, Hingham via Hull, Long Wharf via Hull & Logan Airport, Long Wharf via Hull & Georges Island, Lewis Mall Wharf, Blossom Street Pier, Winthrop/Quincy Loop, Harbor Loop, Avenue Louis Pasteur (Limited Stops), Beth Israel (Limited Stops), Andrew (Limited Stops), Harvard, North Station via South Station, Design Center via South Station, Otis & Summer, Harbor Point via South Bay Center, Kenmore via South Bay Center, City Point, Copley, City Point via South Bay Center, Arlington via South Bay Center, Chauncy & Summer, Roslindale Square, Heath St, Fields Corner, Ruggles, Forest Hills via South Bay Center, Andrew via South Bay Center, Andrew, Kenmore, Wakefield Ave, Ashmont via Washington St, Gallivan Blvd via Norfolk St, Mattapan via Franklin Field, Jackson Square via Franklin Field, Wolcott Square, River St & Milton St, Dedham Mall, Walpole Center via Washington St, VA Hospital, Baker & Vermont St, Wren St, Back Bay, Georgetowne, Centre St & Eliot St, JFK/UMass, Park St & Tremont St, Jackson Square, Franklin Park, Central Square, Broadway, Cleary Square, Reservoir, Watertown Yard, West Fenway, Arlington, Needham Junction via Needham St, Watertown Square via Needham St, Chestnut Hill Mall, North Waltham, Waltham Center, Bedford VA, Oak Square, Kendall/MIT, Brighton Center, Harvard via Allston, Nubian via Allston, Turkey Hill via Arlington Center, Alewife via Arlington Center, Lechmere, Market Place Dr, University Park, Watertown Square, Waverley, Belmont Center, Lincoln Lab via Hanscom Airport, Lincoln Lab, Alewife via Hanscom Airport, Arlington Heights, Arlmont Village, Arlington Center, Rindge Ave, Assembly, Clarendon Hill, Davis, Sullivan, Haymarket via Sullivan, Sullivan via Navy Yard, Medford Square, West Medford, Malden, Wellington, Woodland Rd, Elm St, Airport, Lebanon Loop, Linden Square, Linden Square via Sullivan, Harvard via Sullivan, Woodlawn, Haymarket, Wellington via Admiral's Hill & Market Basket, Wood Island via Market Basket & Admiral's Hill, Mystic Mall, Maverick, Northgate, Beachmont, Beachmont via Tomasello Way, Orient Heights via Waldemar, Maverick via Jeffries Point, Eagle Square, Wood Island, Melrose Highlands via Oak Grove, Malden via Oak Grove, Redstone, Reading Depot, Logan Airport via Andrew, Fields Corner via Adams St, Keystone Apts via Adams St, Fields Corner via Neponset Ave, Quincy Center, Squantum, Houghs Neck via Germantown, Quincy Center via North Quincy, Ashmont via North Quincy, Hingham Depot via Shipyard, Quincy Center via Shipyard, Washington St & Pleasant St Weymouth, East Weymouth, Weymouth Landing via Quincy Ave, Weymouth Landing via Southern Artery, Quincy Center via Southern Artery, Quincy Center via Quincy Ave, Columbian Square, Montello, South Shore Plaza, Holbrook/Randolph, Avon Square, Holbrook/Randolph via Crawford Square, North Burlington via Mall Rd, Alewife via Mall Rd, Bedford Woods Dr via EMD Serono, Bedford Woods Dr, Third Ave, Third Ave via EMD Serono, Burlington (Express) via Woburn, Burlington via Medford Square, West Cummings & Woburn (Express), Boston (Express) via Woburn, Kennedy Dr, Jack Satter House, Eastern & Essex via Western Ave, Central Square via Cliftondale, Haymarket via Cliftondale, Oaklandvale via Cliftondale (Express), Haymarket via Cliftondale (Express), Northgate Shopping Center via Square One Mall, Central Square via Square One Mall, Saugus Center via Square One Mall, Malden via Square One Mall, Salem Depot, Neptune Towers, Liberty Tree via North Shore Mall & Lynnfield St, Central Square via Malls & Lynnfield St, Nahant, Nahant via Central Square, Wonderland via Central Square, Marblehead via Central Square & Paradise Rd, Wonderland via Paradise Rd & Central Square, Ocean St via Central Square, Marblehead via Central Square & Humphrey St, Wonderland via Central Square & Humphrey St, North Beverly via Tozer Rd, North Beverly via Cabot St, Salem Depot via Cabot St, Salem Depot via Tozer Rd & Cummings, Salem Depot via Central Square, Brighton via Copley (Express), Downtown via Copley (Express), Downtown via Cambridge St and Copley (Express), Watertown via Copley and Newton Corner (Express), Waltham (Express), Downtown (Express), Roberts, Newton Corner, Waltham Highlands, Sullivan (Shuttle), Navy Yard (Shuttle), JFK/UMass (Shuttle), Castle Island (Shuttle), Point Shirley, Winthrop Beach, Orient Heights, Hull Ferry, Hingham Depot, Canton Village Shoppes, Forge Park/495 (Shuttle), Canton Junction (Shuttle), Stoughton (Shuttle)"
MUL-145,MUL-145 Kenmore Busway,12,"Watertown Yard, Kenmore, Chestnut Hill Mall, Brighton Center, Harbor Point via South Bay Center, Kenmore via South Bay Center, Fields Corner, Government Center, Union Square, Boston College, Cleveland Circle, Riverside"
MUL-148,MUL-148 Park Street GL Westbound Platform,10,"Alewife, Government Center, Union Square, Medford/Tufts, Braintree, Ashmont, Boston College, Cleveland Circle, Riverside, Heath Street"
PRE-103,PRE-103 Government Center South,9,"Government Center, Union Square, Medford/Tufts, Wonderland, Boston College, Cleveland Circle, Riverside, Heath Street, Bowdoin"
TPS-126,,2,"North Station, Wachusett"
AshmontBusway,Ashmont Busway,14,"Ashmont, Alewife, Mattapan, Andrew, Forest Hills, Ruggles, Wakefield Ave, Ashmont via Washington St, Gallivan Blvd via Norfolk St, Quincy Center, Quincy Center via North Quincy, Ashmont via North Quincy, Avon Square, Holbrook/Randolph via Crawford Square"
MUL-150,MUL-150 Park Street GL Northbound Platform,10,"Alewife, Government Center, Union Square, Medford/Tufts, Braintree, Ashmont, Boston College, Cleveland Circle, Riverside, Heath Street"
bpl-roslindale-V2,BPL Roslindale,3,"Heath St, Mattapan, Forest Hills"
MUL-908-V2,,7,"Forest Hills, Oak Grove, Arlington Center, Lechmere, Ruggles, Central Square, Harvard via Sullivan"
MUL-143,MUL-143 Fields Corner Busway,9,"Fields Corner via Adams St, Keystone Apts via Adams St, Fields Corner via Neponset Ave, Quincy Center, Fields Corner, Ruggles, Andrew, Ashmont, Kenmore"
TPS-121,,4,"Government Center, Boston College, Watertown Yard, Kenmore"
TPS-108,,8,"Wachusett, North Station, North Waltham, Market Place Dr, Roberts, Waltham Center, University Park, Newton Corner"
MUL-137,MUL-137 Wellington Exterior Busway Left,5,"Malden, Elm St, Woodland Rd, Lebanon Loop, Wonderland"
MUL-113-V2,MUL-113 Haymarket-Surface Rd,8,"Woodlawn, Haymarket, Riverside, Union Square, Heath Street, Medford/Tufts, Forest Hills, Oak Grove"
MUL-118,MUL-118 Ruggles Lower Busway Right,11,"Fields Corner, Franklin Park, Jackson Square, Ruggles, Park St & Tremont St, Kenmore via South Bay Center, Kenmore, Central Square, Avenue Louis Pasteur (Limited Stops), Beth Israel (Limited Stops), Assembly"
MUL-128,MUL-128 Forest Hills Upper Busway Left,19,"Dedham Mall, VA Hospital, Baker & Vermont St, Mattapan, Reservoir, Oak Grove, South Station, Andrew via South Bay Center, Forest Hills, Back Bay, Nubian, Needham Heights, Forest Hills via South Bay Center, Ashmont, Wolcott Square, Walpole Center via Washington St, Wren St, Georgetowne, Cleary Square"
TPS-114,,4,"Arlington Heights, Harvard, Alewife via Arlington Center, Turkey Hill via Arlington Center"
TPS-111,,7,"Greenbush, South Station, Weymouth Landing via Quincy Ave, Weymouth Landing via Southern Artery, Quincy Center via Southern Artery, Quincy Center via Quincy Ave, Braintree"
Audio-Andrew,MUL-119/120 Andrew Busway Audio,13,"Braintree, Ashmont, Alewife, Avenue Louis Pasteur (Limited Stops), Beth Israel (Limited Stops), Andrew (Limited Stops), City Point via South Bay Center, Arlington via South Bay Center, Forest Hills via South Bay Center, Andrew via South Bay Center, Fields Corner, Andrew, Logan Airport via Andrew"
PRE-187,PRE-187 Haymarket Orange Line Entrance,6,"Oak Grove, Forest Hills, Union Square, Medford/Tufts, Riverside, Heath Street"
TPS-TEST,,14,"Chelsea, South Station, Newburyport, Rockport, North Station, Malden, Airport, Haymarket, Wellington via Admiral's Hill & Market Basket, Wood Island via Market Basket & Admiral's Hill, Mystic Mall, Maverick, Woodlawn, Wonderland"
TPS-119,,4,"Harvard, Alewife via Mall Rd, Arlington Heights, North Burlington via Mall Rd"
PRE-198,PRE-198 North Station TD Garden,12,"Oak Grove, Union Square, Medford/Tufts, North Station, Forest Hills, Riverside, Heath Street, Wachusett, Haverhill, Lowell, Newburyport, Rockport"
bpl-jamaica-plain-V2,BPL Jamaica Plain,4,"Wren St, Back Bay, Forest Hills, JFK/UMass"
TPS-109,,9,"Fall River, New Bedford, South Station, Kingston, Hyannis, Braintree, Alewife, Quincy Center, Montello"
bpl-mattapan-V2,BPL Mattapan,6,"Ashmont, Ruggles, Jackson Square via Franklin Field, Forest Hills, Mattapan, Mattapan via Franklin Field"
TPS-124,,7,"Watertown Square via Needham St, Needham Junction via Needham St, Newton Corner, Roberts, Waverley, Worcester, South Station"
MUL-140,MUL-140 Davis Busway,7,"Arlington Center, Clarendon Hill, Sullivan, Davis, Assembly, Medford Square, Harvard"
TPS-128,,5,"Walpole Center via Washington St, Forest Hills, South Station, Forge Park/495, Foxboro"
TPS-107,,6,"Davis, Arlington Center, West Medford, Medford Square, Sullivan, Wellington"
PRE-163,PRE-163 Hynes Convention Center,7,"Government Center, Union Square, Boston College, Cleveland Circle, Riverside, Harvard, Nubian"
Audio-ForestHillsBus,MUL-126/127 Forest Hills Lower Busway Audio,7,"Forest Hills via South Bay Center, Andrew via South Bay Center, Ashmont, Forest Hills, Mattapan, Wolcott Square, Nubian"
MUL-117,MUL-117 Ruggles Lower Busway Left,6,"Ashmont, Fields Corner, Mattapan, Andrew (Limited Stops), Harbor Point via South Bay Center, Broadway"
TPS-118,,4,"Alewife via Arlington Center, Harvard, Turkey Hill via Arlington Center, Arlington Heights"
PRE-116,PRE-116 Ruggles,23,"Oak Grove, South Station, Andrew (Limited Stops), Kenmore via South Bay Center, Ruggles, Kenmore, Park St & Tremont St, Broadway, Forest Hills, Forge Park/495, Needham Heights, Wickford Junction, Stoughton, Avenue Louis Pasteur (Limited Stops), Beth Israel (Limited Stops), Harbor Point via South Bay Center, Fields Corner, Ashmont, Mattapan, Jackson Square, Franklin Park, Central Square, Assembly"
MUL-135,MUL-135 Quincy Center Busway,19,"Quincy Center via North Quincy, Weymouth Landing via Quincy Ave, Weymouth Landing via Southern Artery, Quincy Center via Southern Artery, Quincy Center via Quincy Ave, South Shore Plaza, Quincy Center, Mattapan, Houghs Neck via Germantown, Ashmont, Montello, Holbrook/Randolph, Hingham Depot via Shipyard, Quincy Center via Shipyard, Washington St & Pleasant St Weymouth, East Weymouth, Fields Corner, Squantum, Ashmont via North Quincy"
TEST-Salem,TEST-Salem,7,"North Station, Neptune Towers, Haymarket, Salem Depot via Cabot St, Salem Depot via Tozer Rd & Cummings, Wonderland via Central Square, Central Square"
PRE-181,PRE-181 South Station Dewey Sq Headhouse,20,"Alewife, South Station, Braintree, Ashmont, Logan Airport, Design Center, Chelsea, Silver Line Way, Readville, Fall River, New Bedford, Worcester, Forge Park/495, Foxboro, Greenbush, Kingston, Needham Heights, Wickford Junction, Stoughton, Hyannis"
TPS-117,,13,"Salem Depot via Central Square, Wonderland via Central Square, Newburyport, Rockport, North Station, Salem Depot, Neptune Towers, Haymarket, North Beverly via Tozer Rd, North Beverly via Cabot St, Salem Depot via Cabot St, Salem Depot via Tozer Rd & Cummings, Central Square"
MUL-120,MUL-120 Andrew Busway Right,13,"Braintree, Ashmont, Alewife, Avenue Louis Pasteur (Limited Stops), Beth Israel (Limited Stops), Andrew (Limited Stops), City Point via South Bay Center, Arlington via South Bay Center, Forest Hills via South Bay Center, Andrew via South Bay Center, Fields Corner, Andrew, Logan Airport via Andrew"
PRE-171,PRE-171 Arlington Lobby,7,"Boston College, Cleveland Circle, Riverside, Heath Street, Government Center, Union Square, Medford/Tufts"
MUL-141,MUL-140 Maverick Busway,8,"Mystic Mall, Maverick, Wonderland, Orient Heights via Waldemar, Maverick via Jeffries Point, Eagle Square, Wood Island, Bowdoin"
MUL-119,MUL-119 Andrew Busway Left,13,"Braintree, Ashmont, Alewife, Avenue Louis Pasteur (Limited Stops), Beth Israel (Limited Stops), Andrew (Limited Stops), City Point via South Bay Center, Arlington via South Bay Center, Forest Hills via South Bay Center, Andrew via South Bay Center, Fields Corner, Andrew, Logan Airport via Andrew"
MUL-116,MUL-116 Malden East Busway,13,"Malden, Airport, Sullivan, Lebanon Loop, Wellington, Linden Square, Kennedy Dr, Jack Satter House, Saugus Center via Square One Mall, Malden via Square One Mall, Melrose Highlands via Oak Grove, Malden via Oak Grove, Reading Depot"
MUL-129,MUL-129 Forest Hills Upper Busway Right,4,"Dedham Mall, Walpole Center via Washington St, Georgetowne, Cleary Square"
PRE-110,PRE-110 Forest Hills - Main Headhouse Lobby - South,19,"Oak Grove, South Station, Andrew via South Bay Center, Forest Hills, Back Bay, Nubian, Needham Heights, Forest Hills via South Bay Center, Ashmont, Mattapan, Wolcott Square, Dedham Mall, Walpole Center via Washington St, VA Hospital, Baker & Vermont St, Wren St, Georgetowne, Cleary Square, Reservoir"
bpl-roxbury-V2,BPL Roxbury,10,"Nubian, South Station, Downtown, Harvard, Harbor Point via South Bay Center, Kenmore via South Bay Center, Kenmore, Central Square, Broadway, Logan Airport via Andrew"
PRE-176,PRE-176 Kenmore Lobby,12,"Boston College, Cleveland Circle, Riverside, Harbor Point via South Bay Center, Fields Corner, Watertown Yard, Chestnut Hill Mall, Brighton Center, Government Center, Union Square, Kenmore via South Bay Center, Kenmore"
MUL-108-V2,MUL-108 Haymarket,9,"North Station, Sullivan, Sullivan via Navy Yard, Central Square via Cliftondale, Haymarket via Cliftondale, Oaklandvale via Cliftondale (Express), Haymarket via Cliftondale (Express), Salem Depot, Haymarket"
MUL-144,MUL-144 Broadway Busway,5,"City Point, Copley, Chauncy & Summer, Central Square, Broadway"
TPS-120,,2,"South Station, Worcester"
PRE-193,PRE-193 State - Exchange Place,4,"Wonderland, Bowdoin, Oak Grove, Forest Hills"
TPS-110,,2,"Market Place Dr, University Park"
MUL-149,MUL-149 Park Street GL Westbound Platform,10,"Alewife, Government Center, Union Square, Medford/Tufts, Braintree, Ashmont, Boston College, Cleveland Circle, Riverside, Heath Street"
MUL-115,MUL-115 Malden West Busway,19,"Woodland Rd, Malden, Sullivan, Wellington, Redstone, Forest Hills, Oak Grove, Haverhill, North Station, Airport, Lebanon Loop, Linden Square, Melrose Highlands via Oak Grove, Malden via Oak Grove, Reading Depot, Kennedy Dr, Jack Satter House, Saugus Center via Square One Mall, Malden via Square One Mall"
MUL-139,MUL-139 Braintree Busway,5,"Columbian Square, Montello, South Shore Plaza, Braintree, Quincy Center"
TPS-112,,5,"Riverside, Union Square, Brighton Center, Kenmore, Nubian via Allston"
TPS-127,,3,"Sullivan via Navy Yard, Haymarket via Sullivan, Downtown"
MUL-142,MUL-142 Alewife Busway Lobby,11,"Bedford VA, Alewife, Turkey Hill via Arlington Center, Alewife via Arlington Center, Lincoln Lab via Hanscom Airport, Lincoln Lab, Alewife via Hanscom Airport, North Burlington via Mall Rd, Alewife via Mall Rd, Braintree, Ashmont"
AndrewBusway2,Andrew Busway,13,"Alewife, Andrew (Limited Stops), Arlington via South Bay Center, Andrew via South Bay Center, Andrew, Braintree, Ashmont, Avenue Louis Pasteur (Limited Stops), Beth Israel (Limited Stops), City Point via South Bay Center, Forest Hills via South Bay Center, Fields Corner, Logan Airport via Andrew"
TPS-125,,2,"North Station, Wachusett"
PRE-177,PRE-177 Kenmore South Entrance,12,"Boston College, Cleveland Circle, Riverside, Harbor Point via South Bay Center, Fields Corner, Watertown Yard, Chestnut Hill Mall, Brighton Center, Government Center, Union Square, Kenmore via South Bay Center, Kenmore"
TPS-102,,11,"Braintree, Ashmont, Alewife, Arlington Center, Clarendon Hill, Sullivan, Davis, Assembly, Medford Square, Lechmere, Harvard"
PRE-170,PRE-170 Arlington Lobby,7,"Boston College, Cleveland Circle, Riverside, Heath Street, Government Center, Union Square, Medford/Tufts"
MUL-130,MUL-130 Forest Hills Main Headhouse Lobby,16,"Mattapan, Forest Hills, Dedham Mall, Walpole Center via Washington St, VA Hospital, Baker & Vermont St, Wren St, Back Bay, Georgetowne, Cleary Square, Reservoir, Forest Hills via South Bay Center, Andrew via South Bay Center, Ashmont, Wolcott Square, Nubian"
PRE-199,PRE-199 North Station Causeway St Entrance,12,"Oak Grove, Union Square, Medford/Tufts, North Station, Forest Hills, Riverside, Heath Street, Wachusett, Haverhill, Lowell, Newburyport, Rockport"
PRE-160,PRE-160 Copley Eastbound,245,"Government Center, Union Square, Medford/Tufts, Braintree, Ashmont, Alewife, Mattapan, Forest Hills, Oak Grove, Boston College, Cleveland Circle, Riverside, Heath Street, Bowdoin, Wonderland, Logan Airport, South Station, Design Center, Chelsea, Nubian, Downtown, Silver Line Way, Readville, Fall River, New Bedford, Wachusett, North Station, Worcester, Forge Park/495, Foxboro, Winthrop Loop, Quincy Loop, Greenbush, Haverhill, Kingston, Lowell, Needham Heights, Newburyport, Rockport, Wickford Junction, Stoughton, Providence, Hyannis, Charlestown Navy Yard, Long Wharf, Hingham, Rowes Wharf, Hingham via Logan Airport & Hull, Hingham via Hull, Long Wharf via Hull & Logan Airport, Long Wharf via Hull & Georges Island, Lewis Mall Wharf, Blossom Street Pier, Winthrop/Quincy Loop, Harbor Loop, Avenue Louis Pasteur (Limited Stops), Beth Israel (Limited Stops), Andrew (Limited Stops), Harvard, North Station via South Station, Design Center via South Station, Otis & Summer, Harbor Point via South Bay Center, Kenmore via South Bay Center, City Point, Copley, City Point via South Bay Center, Arlington via South Bay Center, Chauncy & Summer, Roslindale Square, Heath St, Fields Corner, Ruggles, Forest Hills via South Bay Center, Andrew via South Bay Center, Andrew, Kenmore, Wakefield Ave, Ashmont via Washington St, Gallivan Blvd via Norfolk St, Mattapan via Franklin Field, Jackson Square via Franklin Field, Wolcott Square, River St & Milton St, Dedham Mall, Walpole Center via Washington St, VA Hospital, Baker & Vermont St, Wren St, Back Bay, Georgetowne, Centre St & Eliot St, JFK/UMass, Park St & Tremont St, Jackson Square, Franklin Park, Central Square, Broadway, Cleary Square, Reservoir, Watertown Yard, West Fenway, Arlington, Needham Junction via Needham St, Watertown Square via Needham St, Chestnut Hill Mall, North Waltham, Waltham Center, Bedford VA, Oak Square, Kendall/MIT, Brighton Center, Harvard via Allston, Nubian via Allston, Turkey Hill via Arlington Center, Alewife via Arlington Center, Lechmere, Market Place Dr, University Park, Watertown Square, Waverley, Belmont Center, Lincoln Lab via Hanscom Airport, Lincoln Lab, Alewife via Hanscom Airport, Arlington Heights, Arlmont Village, Arlington Center, Rindge Ave, Assembly, Clarendon Hill, Davis, Sullivan, Haymarket via Sullivan, Sullivan via Navy Yard, Medford Square, West Medford, Malden, Wellington, Woodland Rd, Elm St, Airport, Lebanon Loop, Linden Square, Linden Square via Sullivan, Harvard via Sullivan, Woodlawn, Haymarket, Wellington via Admiral's Hill & Market Basket, Wood Island via Market Basket & Admiral's Hill, Mystic Mall, Maverick, Northgate, Beachmont, Beachmont via Tomasello Way, Orient Heights via Waldemar, Maverick via Jeffries Point, Eagle Square, Wood Island, Melrose Highlands via Oak Grove, Malden via Oak Grove, Redstone, Reading Depot, Logan Airport via Andrew, Fields Corner via Adams St, Keystone Apts via Adams St, Fields Corner via Neponset Ave, Quincy Center, Squantum, Houghs Neck via Germantown, Quincy Center via North Quincy, Ashmont via North Quincy, Hingham Depot via Shipyard, Quincy Center via Shipyard, Washington St & Pleasant St Weymouth, East Weymouth, Weymouth Landing via Quincy Ave, Weymouth Landing via Southern Artery, Quincy Center via Southern Artery, Quincy Center via Quincy Ave, Columbian Square, Montello, South Shore Plaza, Holbrook/Randolph, Avon Square, Holbrook/Randolph via Crawford Square, North Burlington via Mall Rd, Alewife via Mall Rd, Bedford Woods Dr via EMD Serono, Bedford Woods Dr, Third Ave, Third Ave via EMD Serono, Burlington (Express) via Woburn, Burlington via Medford Square, West Cummings & Woburn (Express), Boston (Express) via Woburn, Kennedy Dr, Jack Satter House, Eastern & Essex via Western Ave, Central Square via Cliftondale, Haymarket via Cliftondale, Oaklandvale via Cliftondale (Express), Haymarket via Cliftondale (Express), Northgate Shopping Center via Square One Mall, Central Square via Square One Mall, Saugus Center via Square One Mall, Malden via Square One Mall, Salem Depot, Neptune Towers, Liberty Tree via North Shore Mall & Lynnfield St, Central Square via Malls & Lynnfield St, Nahant, Nahant via Central Square, Wonderland via Central Square, Marblehead via Central Square & Paradise Rd, Wonderland via Paradise Rd & Central Square, Ocean St via Central Square, Marblehead via Central Square & Humphrey St, Wonderland via Central Square & Humphrey St, North Beverly via Tozer Rd, North Beverly via Cabot St, Salem Depot via Cabot St, Salem Depot via Tozer Rd & Cummings, Salem Depot via Central Square, Brighton via Copley (Express), Downtown via Copley (Express), Downtown via Cambridge St and Copley (Express), Watertown via Copley and Newton Corner (Express), Waltham (Express), Downtown (Express), Roberts, Newton Corner, Waltham Highlands, Sullivan (Shuttle), Navy Yard (Shuttle), JFK/UMass (Shuttle), Castle Island (Shuttle), Point Shirley, Winthrop Beach, Orient Heights, Hull Ferry, Hingham Depot, Canton Village Shoppes, Forge Park/495 (Shuttle), Canton Junction (Shuttle), Stoughton (Shuttle)"
PRE-201,PRE-201 North Station Valenti Way,12,"Oak Grove, Union Square, Medford/Tufts, North Station, Forest Hills, Riverside, Heath Street, Wachusett, Haverhill, Lowell, Newburyport, Rockport"
Audio-Ruggles,MUL-117/118 Ruggles Lower Busway Audio,0,
PRE-190,PRE-190 State - Old South Meeting House,4,"Forest Hills, Oak Grove, Wonderland, Bowdoin"
MUL-132,MUL-132 Sullivan Square Upper Busway,11,"Ruggles, Davis, Central Square, Linden Square via Sullivan, Harvard via Sullivan, Assembly, Haymarket via Sullivan, Downtown, Arlington Center, West Medford, Malden"
PRE-153,PRE-153 Boylston Westbound Headhouse,245,"Boston College, Cleveland Circle, Riverside, Heath Street, Braintree, Ashmont, Alewife, Mattapan, Forest Hills, Oak Grove, Government Center, Union Square, Medford/Tufts, Bowdoin, Wonderland, Logan Airport, South Station, Design Center, Chelsea, Nubian, Downtown, Silver Line Way, Readville, Fall River, New Bedford, Wachusett, North Station, Worcester, Forge Park/495, Foxboro, Winthrop Loop, Quincy Loop, Greenbush, Haverhill, Kingston, Lowell, Needham Heights, Newburyport, Rockport, Wickford Junction, Stoughton, Providence, Hyannis, Charlestown Navy Yard, Long Wharf, Hingham, Rowes Wharf, Hingham via Logan Airport & Hull, Hingham via Hull, Long Wharf via Hull & Logan Airport, Long Wharf via Hull & Georges Island, Lewis Mall Wharf, Blossom Street Pier, Winthrop/Quincy Loop, Harbor Loop, Avenue Louis Pasteur (Limited Stops), Beth Israel (Limited Stops), Andrew (Limited Stops), Harvard, North Station via South Station, Design Center via South Station, Otis & Summer, Harbor Point via South Bay Center, Kenmore via South Bay Center, City Point, Copley, City Point via South Bay Center, Arlington via South Bay Center, Chauncy & Summer, Roslindale Square, Heath St, Fields Corner, Ruggles, Forest Hills via South Bay Center, Andrew via South Bay Center, Andrew, Kenmore, Wakefield Ave, Ashmont via Washington St, Gallivan Blvd via Norfolk St, Mattapan via Franklin Field, Jackson Square via Franklin Field, Wolcott Square, River St & Milton St, Dedham Mall, Walpole Center via Washington St, VA Hospital, Baker & Vermont St, Wren St, Back Bay, Georgetowne, Centre St & Eliot St, JFK/UMass, Park St & Tremont St, Jackson Square, Franklin Park, Central Square, Broadway, Cleary Square, Reservoir, Watertown Yard, West Fenway, Arlington, Needham Junction via Needham St, Watertown Square via Needham St, Chestnut Hill Mall, North Waltham, Waltham Center, Bedford VA, Oak Square, Kendall/MIT, Brighton Center, Harvard via Allston, Nubian via Allston, Turkey Hill via Arlington Center, Alewife via Arlington Center, Lechmere, Market Place Dr, University Park, Watertown Square, Waverley, Belmont Center, Lincoln Lab via Hanscom Airport, Lincoln Lab, Alewife via Hanscom Airport, Arlington Heights, Arlmont Village, Arlington Center, Rindge Ave, Assembly, Clarendon Hill, Davis, Sullivan, Haymarket via Sullivan, Sullivan via Navy Yard, Medford Square, West Medford, Malden, Wellington, Woodland Rd, Elm St, Airport, Lebanon Loop, Linden Square, Linden Square via Sullivan, Harvard via Sullivan, Woodlawn, Haymarket, Wellington via Admiral's Hill & Market Basket, Wood Island via Market Basket & Admiral's Hill, Mystic Mall, Maverick, Northgate, Beachmont, Beachmont via Tomasello Way, Orient Heights via Waldemar, Maverick via Jeffries Point, Eagle Square, Wood Island, Melrose Highlands via Oak Grove, Malden via Oak Grove, Redstone, Reading Depot, Logan Airport via Andrew, Fields Corner via Adams St, Keystone Apts via Adams St, Fields Corner via Neponset Ave, Quincy Center, Squantum, Houghs Neck via Germantown, Quincy Center via North Quincy, Ashmont via North Quincy, Hingham Depot via Shipyard, Quincy Center via Shipyard, Washington St & Pleasant St Weymouth, East Weymouth, Weymouth Landing via Quincy Ave, Weymouth Landing via Southern Artery, Quincy Center via Southern Artery, Quincy Center via Quincy Ave, Columbian Square, Montello, South Shore Plaza, Holbrook/Randolph, Avon Square, Holbrook/Randolph via Crawford Square, North Burlington via Mall Rd, Alewife via Mall Rd, Bedford Woods Dr via EMD Serono, Bedford Woods Dr, Third Ave, Third Ave via EMD Serono, Burlington (Express) via Woburn, Burlington via Medford Square, West Cummings & Woburn (Express), Boston (Express) via Woburn, Kennedy Dr, Jack Satter House, Eastern & Essex via Western Ave, Central Square via Cliftondale, Haymarket via Cliftondale, Oaklandvale via Cliftondale (Express), Haymarket via Cliftondale (Express), Northgate Shopping Center via Square One Mall, Central Square via Square One Mall, Saugus Center via Square One Mall, Malden via Square One Mall, Salem Depot, Neptune Towers, Liberty Tree via North Shore Mall & Lynnfield St, Central Square via Malls & Lynnfield St, Nahant, Nahant via Central Square, Wonderland via Central Square, Marblehead via Central Square & Paradise Rd, Wonderland via Paradise Rd & Central Square, Ocean St via Central Square, Marblehead via Central Square & Humphrey St, Wonderland via Central Square & Humphrey St, North Beverly via Tozer Rd, North Beverly via Cabot St, Salem Depot via Cabot St, Salem Depot via Tozer Rd & Cummings, Salem Depot via Central Square, Brighton via Copley (Express), Downtown via Copley (Express), Downtown via Cambridge St and Copley (Express), Watertown via Copley and Newton Corner (Express), Waltham (Express), Downtown (Express), Roberts, Newton Corner, Waltham Highlands, Sullivan (Shuttle), Navy Yard (Shuttle), JFK/UMass (Shuttle), Castle Island (Shuttle), Point Shirley, Winthrop Beach, Orient Heights, Hull Ferry, Hingham Depot, Canton Village Shoppes, Forge Park/495 (Shuttle), Canton Junction (Shuttle), Stoughton (Shuttle)"
PRE-189,PRE-189 State - 60 State Street,4,"Bowdoin, Wonderland, Oak Grove, Forest Hills"
Audio-Ashmont,MUL-124/125 Ashmont Busway Audio,14,"Ashmont, Alewife, Mattapan, Andrew, Forest Hills, Ruggles, Wakefield Ave, Ashmont via Washington St, Gallivan Blvd via Norfolk St, Quincy Center, Quincy Center via North Quincy, Ashmont via North Quincy, Avon Square, Holbrook/Randolph via Crawford Square"
MUL-110,MUL-110 Ruggles,23,"Avenue Louis Pasteur (Limited Stops), Beth Israel (Limited Stops), Andrew (Limited Stops), Harbor Point via South Bay Center, Kenmore via South Bay Center, Fields Corner, Kenmore, Ashmont, Mattapan, Ruggles, Park St & Tremont St, Jackson Square, Franklin Park, Central Square, Broadway, Assembly, Forest Hills, Oak Grove, Forge Park/495, South Station, Needham Heights, Wickford Junction, Stoughton"
MUL-133,MUL-133 Wonderland,15,"Wonderland, Wellington, Maverick, Malden, Wonderland via Central Square, Wonderland via Paradise Rd & Central Square, Wonderland via Central Square & Humphrey St, Bowdoin, Jack Satter House, Eastern & Essex via Western Ave, Nahant via Central Square, Marblehead via Central Square & Paradise Rd, Ocean St via Central Square, Marblehead via Central Square & Humphrey St, Salem Depot via Central Square"
PRE-158,PRE-158 Harvard Busway,17,"Braintree, Ashmont, Harvard via Allston, Watertown Square, Waverley, Belmont Center, Arlington Heights, Arlmont Village, Harvard, Medford Square, Linden Square via Sullivan, Nubian, Nubian via Allston, Kendall/MIT, Lechmere, Reservoir, Harvard via Sullivan"
TPS-105,,8,"Fall River, New Bedford, South Station, Holbrook/Randolph, Quincy Center, Holbrook/Randolph via Crawford Square, Ashmont, Avon Square"
MUL-123,MUL-123 Jackson Square Busway,12,"Forest Hills, Roslindale Square, Ashmont, Mattapan via Franklin Field, Mattapan, Centre St & Eliot St, Jackson Square, Oak Grove, Heath St, Ruggles, Jackson Square via Franklin Field, JFK/UMass"
MUL-126,MUL-126 Forest Hills Lower Busway Left,19,"Nubian, Wolcott Square, Oak Grove, South Station, Andrew via South Bay Center, Forest Hills, Back Bay, Needham Heights, Forest Hills via South Bay Center, Ashmont, Mattapan, Dedham Mall, Walpole Center via Washington St, VA Hospital, Baker & Vermont St, Wren St, Georgetowne, Cleary Square, Reservoir"
TPS-116,,7,"Oak Grove, Forest Hills, Union Square, Medford/Tufts, Riverside, Heath Street, Wonderland"
MUL-146,MUL-146 Mattapan,10,"Wakefield Ave, Ashmont, Mattapan, Forest Hills, River St & Milton St, Quincy Center, Canton Village Shoppes, Ruggles, Mattapan via Franklin Field, Jackson Square via Franklin Field"
TPS-123,,2,"North Station, Wachusett"
PRE-102,PRE-102 Government Center North,9,"Government Center, Union Square, Medford/Tufts, Wonderland, Boston College, Cleveland Circle, Riverside, Heath Street, Bowdoin"
TPS-122,,7,"Ashmont, Fall River, New Bedford, South Station, Holbrook/Randolph, Quincy Center, Holbrook/Randolph via Crawford Square"
MUL-101,MUL-101 Ashmont,14,"Alewife, Mattapan, Ashmont, Andrew, Forest Hills, Ruggles, Wakefield Ave, Ashmont via Washington St, Gallivan Blvd via Norfolk St, Quincy Center, Quincy Center via North Quincy, Ashmont via North Quincy, Avon Square, Holbrook/Randolph via Crawford Square"
bpl-adams-street-V2,BPL Adams St,16,"Alewife, Mattapan, Ashmont, Andrew, Forest Hills, Ruggles, Wakefield Ave, Ashmont via Washington St, Gallivan Blvd via Norfolk St, Quincy Center, Quincy Center via North Quincy, Ashmont via North Quincy, Avon Square, Holbrook/Randolph via Crawford Square, Fields Corner via Adams St, Keystone Apts via Adams St"
MUL-112-V2,MUL-112 Wonderland (REMOVED),15,"Bowdoin, Wonderland, Wellington, Maverick, Jack Satter House, Malden, Eastern & Essex via Western Ave, Nahant via Central Square, Wonderland via Central Square, Marblehead via Central Square & Paradise Rd, Wonderland via Paradise Rd & Central Square, Ocean St via Central Square, Marblehead via Central Square & Humphrey St, Wonderland via Central Square & Humphrey St, Salem Depot via Central Square"
